Rank,Name,Team,Position,Played,PassingYards,PassingTouchdowns,PassingInterceptions,RushingYards,RushingTouchdowns,Receptions,ReceivingYards,ReceivingTouchdowns,Sacks,Interceptions,FumblesForced,FumblesRecovered,FantasyPointsPerGameDraftKings,FantasyPointsDraftKings
1,Alvin Kamara,NO,RB,1,0,0,0,29,2,9,112,1,0,0,0,0,46.1,46.1
2,Tyreek Hill,KC,WR,1,0,0,0,4,0,7,169,2,0,0,0,0,45.3,45.3
3,Ryan Fitzpatrick,TB,QB,1,417,4,0,36,1,0,0,0,0,0,0,0,45.3,45.28
4,Michael Thomas,NO,WR,1,0,0,0,0,0,16,180,1,0,0,0,0,42,42
5,James Conner,PIT,RB,1,0,0,0,135,2,5,57,0,0,0,0,0,38.2,38.2
6,DeSean Jackson,TB,WR,1,0,0,0,0,0,5,146,2,0,0,0,0,34.6,34.6
7,Drew Brees,NO,QB,1,439,3,0,0,0,0,0,0,0,0,0,0,34.6,34.56
8,Philip Rivers,LAC,QB,1,424,3,1,0,0,0,0,0,0,0,0,0,33,32.96
9,Emmanuel Sanders,DEN,WR,1,0,0,0,0,0,10,135,1,0,0,0,0,32.5,32.5
10,Randall Cobb,GB,WR,1,0,0,0,0,0,9,142,1,0,0,0,0,32.2,32.2
11,Julio Jones,ATL,WR,1,0,0,0,11,0,10,169,0,0,0,0,0,31,31
12,Mike Evans,TB,WR,1,0,0,0,0,0,7,147,1,0,0,0,0,30.7,30.7
13,Melvin Gordon,LAC,RB,1,0,0,0,64,0,9,102,0,0,0,0,0,30.6,30.6
14,Jared Cook,OAK,TE,1,0,0,0,0,0,9,180,0,0,0,0,0,30,30
15,Kenny Stills,MIA,WR,1,0,0,0,0,0,4,106,2,0,0,0,0,29.6,29.6
16,Patrick Mahomes,KC,QB,1,256,4,0,21,0,0,0,0,0,0,0,0,28.3,28.34
17,Keenan Allen,LAC,WR,1,0,0,0,0,0,8,108,1,0,0,0,0,27.8,27.8
18,Rob Gronkowski,NE,TE,1,0,0,0,0,0,7,123,1,0,0,0,0,27.3,27.3
19,Todd Gurley,LAR,RB,1,0,0,0,108,0,3,39,1,0,0,0,0,26.7,26.7
20,New York Jets,NYJ,DST,1,0,0,0,0,0,0,0,0,0,5,0,0,26,26
21,Joe Mixon,CIN,RB,1,0,0,0,95,1,5,54,0,0,0,0,0,25.9,25.9
22,Isaiah Crowell,NYJ,RB,1,0,0,0,102,2,0,0,0,0,0,0,0,25.2,25.2
23,Case Keenum,DEN,QB,1,329,3,3,0,0,0,0,0,0,0,0,0,25.2,25.16
24,Odell Beckham Jr,NYG,WR,1,0,0,0,-1,0,11,111,0,0,0,0,0,25,25
25,Aaron Rodgers,GB,QB,1,286,3,0,15,0,0,0,0,0,0,0,0,24.9,24.94
26,Chris Thompson,WAS,RB,1,0,0,0,65,0,6,63,1,0,0,0,0,24.8,24.8
27,Tyrod Taylor,CLE,QB,1,197,1,1,77,1,0,0,0,0,0,0,0,24.6,24.58
28,Antonio Brown,PIT,WR,1,0,0,0,0,0,9,93,1,0,0,0,0,24.3,24.3
29,Saquon Barkley,NYG,RB,1,0,0,0,106,1,2,22,0,0,0,0,0,23.8,23.8
30,Adrian Peterson,WAS,RB,1,0,0,0,96,1,2,70,0,0,0,0,0,23.6,23.6
30,Austin Ekeler,LAC,RB,1,0,0,0,39,0,5,87,1,0,0,0,0,23.6,23.6
32,Andrew Luck,IND,QB,1,319,2,1,7,0,0,0,0,0,0,0,0,23.5,23.46
33,Will Dissly,SEA,TE,1,0,0,0,0,0,3,105,1,0,0,0,0,22.5,22.5
34,Russell Wilson,SEA,QB,1,298,3,2,5,0,0,0,0,0,0,0,0,22.4,22.42
35,Tom Brady,NE,QB,1,277,3,1,2,0,0,0,0,0,0,0,0,22.3,22.28
36,Dion Lewis,TEN,RB,1,0,0,0,75,1,5,35,0,0,0,0,0,22,22
37,Joe Flacco,BAL,QB,1,236,3,0,3,0,0,0,0,0,0,0,0,21.7,21.74
38,Kenny Golladay,DET,WR,1,0,0,0,0,0,7,114,0,0,0,1,1,21.4,21.4
39,Golden Tate,DET,WR,1,0,0,0,0,0,7,79,1,0,0,0,0,20.9,20.9
40,Jarvis Landry,CLE,WR,1,0,0,0,0,0,7,106,0,0,0,0,0,20.6,20.6
41,Kirk Cousins,MIN,QB,1,244,2,0,26,0,0,0,0,0,0,0,0,20.4,20.36
42,Ted Ginn,NO,WR,1,0,0,0,5,0,5,68,1,0,0,0,0,20.3,20.3
43,Jay Ajayi,PHI,RB,1,0,0,0,62,2,0,0,0,0,0,0,0,20.2,20.2
43,AJ Green,CIN,WR,1,0,0,0,0,0,6,92,1,0,0,0,0,20.2,20.2
45,Juju Smith-Schuster,PIT,WR,1,0,0,0,0,0,5,119,0,0,0,0,0,19.9,19.9
46,Davante Adams,GB,WR,1,0,0,0,0,0,5,88,1,0,0,0,0,19.8,19.8
47,Alex Smith,WAS,QB,1,255,2,0,14,0,0,0,0,0,0,0,0,19.6,19.6
47,Phillip Dorsett,NE,WR,1,0,0,0,0,0,7,66,1,0,0,0,0,19.6,19.6
49,Adam Thielen,MIN,WR,1,0,0,0,0,0,6,102,0,0,0,0,0,19.2,19.2
50,Demaryius Thomas,DEN,WR,1,0,0,0,0,0,6,63,1,0,0,0,0,18.3,18.3
50,Quincy Enunwa,NYJ,WR,1,0,0,0,0,0,6,63,1,0,0,0,0,18.3,18.3
52,Cam Newton,CAR,QB,1,161,0,0,58,1,0,0,0,0,0,0,0,18.2,18.24
53,Phillip Lindsay,DEN,RB,1,0,0,0,71,0,2,31,1,0,0,0,0,18.2,18.2
54,Minnesota Vikings,MIN,DST,1,0,0,0,0,0,0,0,0,3,3,1,1,18,18
55,Geronimo Allison,GB,WR,1,0,0,0,0,0,5,69,1,0,0,0,0,17.9,17.9
56,Cooper Kupp,LAR,WR,1,0,0,0,16,0,5,52,1,0,0,0,0,17.8,17.8
57,David Johnson,ARI,RB,1,0,0,0,37,1,5,30,0,0,0,0,0,17.7,17.7
58,Ezekiel Elliott,DAL,RB,1,0,0,0,69,1,3,17,0,0,0,0,0,17.6,17.6
59,Andy Dalton,CIN,QB,1,243,2,1,8,0,0,0,0,0,0,0,0,17.5,17.52
60,Jared Goff,LAR,QB,1,233,2,0,-1,0,0,0,0,0,0,0,0,17.2,17.22
61,Baltimore Ravens,BAL,DST,1,0,0,0,0,0,0,0,0,6,2,0,0,17,17
61,Los Angeles Rams,LAR,DST,1,0,0,0,0,0,0,0,0,1,3,0,0,17,17
61,Ben Roethlisberger,PIT,QB,1,335,1,3,16,0,0,0,0,0,0,0,0,17,17
64,Jalen Richard,OAK,RB,1,0,0,0,24,0,9,55,0,0,0,0,0,16.9,16.9
65,Cleveland Browns,CLE,DST,1,0,0,0,0,0,0,0,0,4,3,3,3,16,16
66,TJ Yeldon,JAX,RB,1,0,0,0,51,0,3,18,1,0,0,0,0,15.9,15.9
67,Jordan Howard,CHI,RB,1,0,0,0,82,0,5,25,0,0,0,0,0,15.7,15.7
68,Ryan Tannehill,MIA,QB,1,230,2,2,4,0,0,0,0,0,0,0,0,15.6,15.6
68,James White,NE,RB,1,0,0,0,18,0,4,38,1,0,0,0,0,15.6,15.6
68,T.Y. Hilton,IND,WR,1,0,0,0,0,0,5,46,1,0,0,0,0,15.6,15.6
71,Eric Ebron,IND,TE,1,0,0,0,0,0,4,51,1,0,0,0,0,15.1,15.1
71,DeAndre Hopkins,HOU,WR,1,0,0,0,-7,0,8,78,0,0,0,0,0,15.1,15.1
73,Mitch Trubisky,CHI,QB,1,171,0,0,32,1,0,0,0,0,0,0,0,15,15.04
74,Tyler Lockett,SEA,WR,1,0,0,0,0,0,3,59,1,0,0,0,0,14.9,14.9
74,Willie Snead,BAL,WR,1,0,0,0,0,0,4,49,1,0,0,0,0,14.9,14.9
76,Sam Darnold,NYJ,QB,1,198,2,1,-1,0,0,0,0,0,0,0,0,14.8,14.82
77,Jordan Reed,WAS,TE,1,0,0,0,0,0,4,48,1,0,0,0,0,14.8,14.8
77,Jakeem Grant,MIA,WR,1,0,0,0,0,0,5,38,0,0,0,0,0,14.8,14.8
79,Larry Fitzgerald,ARI,WR,1,0,0,0,0,0,7,76,0,0,0,0,0,14.6,14.6
80,Dalvin Cook,MIN,RB,1,0,0,0,40,0,6,55,0,0,0,0,0,14.5,14.5
80,Christian McCaffrey,CAR,RB,1,0,0,0,50,0,6,45,0,0,0,0,0,14.5,14.5
82,Brandin Cooks,LAR,WR,1,0,0,0,6,0,5,87,0,0,0,0,0,14.3,14.3
82,Cole Beasley,DAL,WR,1,0,0,0,0,0,7,73,0,0,0,0,0,14.3,14.3
84,Blake Bortles,JAX,QB,1,176,1,1,42,0,0,0,0,0,0,0,0,14.2,14.24
85,Javorius Allen,BAL,RB,1,0,0,0,17,1,5,15,0,0,0,0,0,14.2,14.2
86,Dante Pettis,SF,WR,1,0,0,0,0,0,2,61,1,0,0,0,0,14.1,14.1
86,Stefon Diggs,MIN,WR,1,0,0,0,8,0,3,43,1,0,0,0,0,14.1,14.1
88,Chicago Bears,CHI,DST,1,0,0,0,0,0,0,0,0,4,1,2,1,14,14
88,George Kittle,SF,TE,1,0,0,0,0,0,5,90,0,0,0,0,0,14,14
90,Ryan Grant,IND,WR,1,0,0,0,0,0,8,59,0,0,0,0,0,13.9,13.9
91,Bruce Ellington,HOU,WR,1,0,0,0,0,0,4,37,1,0,0,0,0,13.7,13.7
92,Brandon Marshall,SEA,WR,1,0,0,0,0,0,3,46,1,0,0,0,0,13.6,13.6
93,Carlos Hyde,CLE,RB,1,0,0,0,62,1,1,3,0,0,0,0,0,13.5,13.5
93,John Brown,BAL,WR,1,0,0,0,1,0,3,44,1,0,0,0,0,13.5,13.5
93,Nelson Agholor,PHI,WR,1,15,0,0,16,0,8,33,0,0,0,0,0,13.5,13.5
96,Chris Godwin,TB,WR,1,0,0,0,0,0,3,41,1,0,0,0,0,13.1,13.1
96,Mike Williams,LAC,WR,1,0,0,0,0,0,5,81,0,0,0,0,0,13.1,13.1
98,Deshaun Watson,HOU,QB,1,176,1,1,40,0,0,0,0,0,0,0,0,13,13.04
99,Jacksonville Jaguars,JAX,DST,1,0,0,0,0,0,0,0,0,2,1,0,1,13,13
99,Miami Dolphins,MIA,DST,1,0,0,0,0,0,0,0,0,0,3,0,0,13,13
99,Washington Redskins,WAS,DST,1,0,0,0,0,0,0,0,0,2,1,1,1,13,13
102,Marshawn Lynch,OAK,RB,1,0,0,0,41,1,2,8,0,0,0,0,0,12.9,12.9
103,Michael Crabtree,BAL,WR,1,0,0,0,0,0,3,38,1,0,0,0,0,12.8,12.8
104,Derek Carr,OAK,QB,1,303,0,3,1,0,0,0,0,0,0,0,0,12.2,12.22
105,Corey Davis,TEN,WR,1,0,0,0,0,0,6,62,0,0,0,0,0,12.2,12.2
105,Nyheim Hines,IND,RB,1,0,0,0,19,0,7,33,0,0,0,0,0,12.2,12.2
107,Jimmy Garoppolo,SF,QB,1,261,1,3,6,0,0,0,0,0,0,0,0,12,12.04
107,Matthew Stafford,DET,QB,1,286,1,4,6,0,0,0,0,0,0,0,0,12,12.04
109,Cincinnati Bengals,CIN,DST,1,0,0,0,0,0,0,0,0,2,1,1,1,12,12
109,Carolina Panthers,CAR,DST,1,0,0,0,0,0,0,0,0,6,0,1,1,12,12
109,Denver Broncos,DEN,DST,1,0,0,0,0,0,0,0,0,6,2,2,1,12,12
109,Jack Doyle,IND,TE,1,0,0,0,0,0,7,60,0,0,0,0,0,12,12
113,Lamar Miller,HOU,RB,1,0,0,0,98,0,1,11,0,0,0,0,0,11.9,11.9
114,Tevin Coleman,ATL,RB,1,0,0,0,19,1,1,26,0,0,0,0,0,11.5,11.5
115,Tennessee Titans,TEN,DST,1,0,0,0,0,0,0,0,0,1,2,0,0,11,11
115,Pittsburgh Steelers,PIT,DST,1,0,0,0,0,0,0,0,0,7,1,1,0,11,11
117,Anthony Sherman,KC,FB,1,0,0,0,0,0,1,36,1,0,0,0,0,10.6,10.6
118,Kenneth Dixon,BAL,RB,1,0,0,0,44,1,0,0,0,0,0,0,0,10.4,10.4
119,Robby Anderson,NYJ,WR,1,0,0,0,-9,0,1,41,1,0,0,0,0,10.2,10.2
120,Allen Robinson,CHI,WR,1,0,0,0,0,0,4,61,0,0,0,0,0,10.1,10.1
120,Dede Westbrook,JAX,WR,1,0,0,0,0,0,5,51,0,0,0,0,0,10.1,10.1
122,Philadelphia Eagles,PHI,DST,1,0,0,0,0,0,0,0,0,4,1,1,0,10,10
122,Kansas City Chiefs,KC,DST,1,0,0,0,0,0,0,0,0,1,1,0,1,10,10
124,Chris Carson,SEA,RB,1,0,0,0,51,0,3,28,0,0,0,0,0,9.9,9.9
125,Matt Ryan,ATL,QB,1,251,0,1,8,0,0,0,0,0,0,0,0,9.8,9.84
126,Zach Ertz,PHI,TE,1,0,0,0,0,0,5,48,0,0,0,0,0,9.8,9.8
126,Sterling Shepard,NYG,WR,1,0,0,0,0,0,5,48,0,0,0,0,0,9.8,9.8
128,Dak Prescott,DAL,QB,1,170,0,0,19,0,0,0,0,0,0,0,0,9.7,9.7
129,Alfred Blue,HOU,RB,1,0,0,0,36,1,0,0,0,0,0,0,0,9.6,9.6
129,Kenyan Drake,MIA,RB,1,0,0,0,48,0,3,18,0,0,0,0,0,9.6,9.6
131,Marvin Jones,DET,WR,1,0,0,0,0,0,4,54,0,0,0,0,0,9.4,9.4
132,Delanie Walker,TEN,TE,1,0,0,0,0,0,4,52,0,0,0,0,0,9.2,9.2
133,Jordan Wilkins,IND,RB,1,0,0,0,40,0,3,21,0,0,0,0,0,9.1,9.1
134,Jesse James,PIT,TE,1,0,0,0,0,0,3,60,0,0,0,0,0,9,9
135,Tyrell Williams,LAC,WR,1,0,0,0,0,0,2,8,1,0,0,0,0,8.8,8.8
135,Chase Edmonds,ARI,RB,1,0,0,0,24,0,4,24,0,0,0,0,0,8.8,8.8
137,Josh Gordon,CLE,WR,1,0,0,0,0,0,1,17,1,0,0,0,0,8.7,8.7
138,Leonard Fournette,JAX,RB,1,0,0,0,41,0,3,14,0,0,0,0,0,8.5,8.5
138,Theo Riddick,DET,RB,1,0,0,0,20,0,5,15,0,0,0,0,0,8.5,8.5
140,Keelan Cole,JAX,WR,1,0,0,0,0,0,3,54,0,0,0,0,0,8.4,8.4
140,Benjamin Watson,NO,TE,1,0,0,0,0,0,4,44,0,0,0,0,0,8.4,8.4
142,Rashaad Penny,SEA,RB,1,0,0,0,8,0,4,35,0,0,0,0,0,8.3,8.3
143,Eli Manning,NYG,QB,1,224,0,1,2,0,0,0,0,0,0,0,0,8.2,8.16
144,Kyle Rudolph,MIN,TE,1,0,0,0,0,0,1,11,1,0,0,0,0,8.1,8.1
145,Houston Texans,HOU,DST,1,0,0,0,0,0,0,0,0,2,1,2,2,8,8
145,New England Patriots,NE,DST,1,0,0,0,0,0,0,0,0,3,1,0,1,8,8
145,Detroit Lions,DET,DST,1,0,0,0,0,0,0,0,0,2,1,1,1,8,8
145,Devonta Freeman,ATL,RB,1,0,0,0,36,0,3,14,0,0,0,0,0,8,8
149,Rex Burkhead,NE,RB,1,0,0,0,64,0,1,5,0,0,0,0,0,7.9,7.9
149,Alex Collins,BAL,RB,1,0,0,0,13,1,1,6,0,0,0,0,0,7.9,7.9
149,Terrelle Pryor,NYJ,WR,1,0,0,0,0,0,3,49,0,0,0,0,0,7.9,7.9
152,Bilal Powell,NYJ,RB,1,0,0,0,60,0,1,5,0,0,0,0,0,7.5,7.5
152,Taylor Gabriel,CHI,WR,1,0,0,0,0,0,5,25,0,0,0,0,0,7.5,7.5
154,OJ Howard,TB,TE,1,0,0,0,0,0,2,54,0,0,0,0,0,7.4,7.4
154,Tyler Eifert,CIN,TE,1,0,0,0,0,0,3,44,0,0,0,0,0,7.4,7.4
156,John Ross,CIN,WR,1,0,0,0,0,0,1,3,1,0,0,0,0,7.3,7.3
156,Robert Woods,LAR,WR,1,0,0,0,6,0,3,37,0,0,0,0,0,7.3,7.3
158,Darren Sproles,PHI,RB,1,0,0,0,10,0,4,22,0,0,0,0,0,7.2,7.2
159,Royce Freeman,DEN,RB,1,0,0,0,71,0,0,0,0,0,0,0,0,7.1,7.1
159,De'Anthony Thomas,KC,WR,1,0,0,0,0,0,1,1,1,0,0,0,0,7.1,7.1
159,Devin Funchess,CAR,WR,1,0,0,0,0,0,3,41,0,0,0,0,0,7.1,7.1
159,Tarik Cohen,CHI,RB,1,0,0,0,25,0,3,16,0,0,0,0,0,7.1,7.1
163,Atlanta Falcons,ATL,DST,1,0,0,0,0,0,0,0,0,2,1,0,1,7,7
163,Tampa Bay Buccaneers,TB,DST,1,0,0,0,0,0,0,0,0,1,0,2,2,7,7
163,Seattle Seahawks,SEA,DST,1,0,0,0,0,0,0,0,0,1,3,0,0,7,7
163,Green Bay Packers,GB,DST,1,0,0,0,0,0,0,0,0,4,0,2,1,7,7
163,Nick Boyle,BAL,TE,1,0,0,0,0,0,3,40,0,0,0,0,0,7,7
168,Peyton Barber,TB,RB,1,0,0,0,69,0,0,0,0,0,0,0,0,6.9,6.9
169,Albert Wilson,MIA,WR,1,0,0,0,7,0,3,31,0,0,0,0,0,6.8,6.8
169,Trent Taylor,SF,WR,1,0,0,0,0,0,4,28,0,0,0,0,0,6.8,6.8
171,Kerryon Johnson,DET,RB,1,0,0,0,17,0,3,20,0,0,0,0,0,6.7,6.7
172,Kyle Juszczyk,SF,FB,1,0,0,0,0,0,1,56,0,0,0,0,0,6.6,6.6
172,Danny Amendola,MIA,WR,1,0,0,0,0,0,4,26,0,0,0,0,0,6.6,6.6
174,Courtland Sutton,DEN,WR,1,0,0,0,0,0,2,45,0,0,0,0,0,6.5,6.5
175,Maxx Williams,BAL,TE,1,0,0,0,0,0,3,32,0,0,0,0,0,6.2,6.2
175,Jamison Crowder,WAS,WR,1,0,0,0,0,0,3,32,0,0,0,0,0,6.2,6.2
175,James Develin,NE,RB,1,0,0,0,0,0,4,22,0,0,0,0,0,6.2,6.2
175,Paul Richardson,WAS,WR,1,0,0,0,0,0,4,22,0,0,0,0,0,6.2,6.2
175,Andre Roberts,NYJ,WR,1,0,0,0,2,0,0,0,0,0,0,0,0,6.2,6.2
180,Frank Gore,MIA,RB,1,0,0,0,61,0,0,0,0,0,0,0,0,6.1,6.1
180,Alex Armah,CAR,RB,1,0,0,0,1,1,0,0,0,0,0,0,0,6.1,6.1
180,Matt Breida,SF,RB,1,0,0,0,46,0,1,5,0,0,0,0,0,6.1,6.1
180,Mark Andrews,BAL,TE,1,0,0,0,0,0,3,31,0,0,0,0,0,6.1,6.1
184,Nick Foles,PHI,QB,1,117,0,1,-1,0,1,15,0,0,0,0,0,6.1,6.08
185,San Francisco 49ers,SF,DST,1,0,0,0,0,0,0,0,0,3,0,1,1,6,6
185,Dallas Cowboys,DAL,DST,1,0,0,0,0,0,0,0,0,3,0,2,1,6,6
185,Darius Jennings,TEN,WR,1,0,0,0,0,0,0,0,0,0,0,0,0,6,6
188,Mohamed Sanu,ATL,WR,1,0,0,0,0,0,4,18,0,0,0,0,0,5.8,5.8
189,Luke Stocker,TEN,TE,1,0,0,0,0,0,2,37,0,0,0,0,0,5.7,5.7
189,Deonte Thompson,DAL,WR,1,0,0,0,0,0,3,27,0,0,0,0,0,5.7,5.7
189,Adam Humphries,TB,WR,1,0,0,0,0,0,3,27,0,0,0,0,0,5.7,5.7
189,Neal Sterling,NYJ,WR,1,0,0,0,0,0,3,27,0,0,0,0,0,5.7,5.7
193,Antonio Gates,LAC,TE,1,0,0,0,0,0,2,16,0,0,0,0,0,5.6,5.6
193,Tyler Boyd,CIN,WR,1,0,0,0,0,0,3,26,0,0,0,0,0,5.6,5.6
193,Zay Jones,BUF,WR,1,0,0,0,0,0,3,26,0,0,0,0,0,5.6,5.6
196,Josh Allen,BUF,QB,1,74,0,0,26,0,0,0,0,0,0,0,0,5.6,5.56
197,Austin Seferian-Jenkins,JAX,TE,1,0,0,0,0,0,3,25,0,0,0,0,0,5.5,5.5
198,Austin Hooper,ATL,TE,1,0,0,0,0,0,3,24,0,0,0,0,0,5.4,5.4
199,Greg Olsen,CAR,TE,1,0,0,0,0,0,2,33,0,0,0,0,0,5.3,5.3
199,Jarius Wright,CAR,WR,1,0,0,0,0,0,3,23,0,0,0,0,0,5.3,5.3
199,Jordy Nelson,OAK,WR,1,0,0,0,0,0,3,23,0,0,0,0,0,5.3,5.3
202,Sammy Watkins,KC,WR,1,0,0,0,0,0,3,21,0,0,0,0,0,5.1,5.1
203,Indianapolis Colts,IND,DST,1,0,0,0,0,0,0,0,0,2,1,2,1,5,5
203,Arizona Cardinals,ARI,DST,1,0,0,0,0,0,0,0,0,3,0,2,1,5,5
203,Spencer Ware,KC,RB,1,0,0,0,32,0,1,8,0,0,0,0,0,5,5
206,Kareem Hunt,KC,RB,1,0,0,0,49,0,0,0,0,0,0,0,0,4.9,4.9
206,Jake Butt,DEN,TE,1,0,0,0,0,0,2,29,0,0,0,0,0,4.9,4.9
206,Ricky Seals-Jones,ARI,TE,1,0,0,0,0,0,3,19,0,0,0,0,0,4.9,4.9
209,Lamar Jackson,BAL,QB,1,24,0,0,39,0,0,0,0,0,0,0,0,4.9,4.86
210,Sam Bradford,ARI,QB,1,153,0,1,7,0,0,0,0,0,0,0,0,4.8,4.82
211,Rashard Higgins,CLE,WR,1,0,0,0,0,0,1,38,0,0,0,0,0,4.8,4.8
211,Ty Montgomery,GB,RB,1,0,0,0,7,0,2,21,0,0,0,0,0,4.8,4.8
211,Geoff Swaim,DAL,TE,1,0,0,0,0,0,3,18,0,0,0,0,0,4.8,4.8
211,Chester Rogers,IND,WR,1,0,0,0,0,0,3,18,0,0,0,0,0,4.8,4.8
215,Jamaal Williams,GB,RB,1,0,0,0,47,0,0,0,0,0,0,0,0,4.7,4.7
216,Malcolm Brown,LAR,RB,1,0,0,0,5,0,2,18,0,0,0,0,0,4.3,4.3
216,David Njoku,CLE,TE,1,0,0,0,0,0,3,13,0,0,0,0,0,4.3,4.3
218,Latavius Murray,MIN,RB,1,0,0,0,42,0,0,0,0,0,0,0,0,4.2,4.2
219,Jeremy Hill,NE,RB,1,0,0,0,25,0,1,6,0,0,0,0,0,4.1,4.1
219,Derrick Henry,TEN,RB,1,0,0,0,26,0,1,5,0,0,0,0,0,4.1,4.1
219,Pierre Garcon,SF,WR,1,0,0,0,0,0,2,21,0,0,0,0,0,4.1,4.1
219,Virgil Green,LAC,TE,1,0,0,0,0,0,2,21,0,0,0,0,0,4.1,4.1
223,New York Giants,NYG,DST,1,0,0,0,0,0,0,0,0,1,1,0,0,4,4
223,Austin Carr,NO,WR,1,0,0,0,0,0,2,20,0,0,0,0,0,4,4
223,Derek Carrier,OAK,TE,1,0,0,0,0,0,2,20,0,0,0,0,0,4,4
226,Laquon Treadwell,MIN,WR,1,0,0,0,0,0,2,18,0,0,0,0,0,3.8,3.8
226,Evan Engram,NYG,TE,1,0,0,0,0,0,2,18,0,0,0,0,0,3.8,3.8
226,Jason Croom,BUF,TE,1,0,0,0,0,0,2,18,0,0,0,0,0,3.8,3.8
229,Jordan Thomas,HOU,TE,1,0,0,0,0,0,1,27,0,0,0,0,0,3.7,3.7
229,Doug Martin,OAK,RB,1,0,0,0,20,0,2,-3,0,0,0,0,0,3.7,3.7
231,Blaine Gabbert,TEN,QB,1,117,0,1,0,0,0,0,0,0,0,0,0,3.7,3.68
232,Marcus Mariota,TEN,QB,1,103,0,2,15,0,0,0,0,0,0,0,0,3.6,3.62
233,CJ Anderson,CAR,RB,1,0,0,0,35,0,0,0,0,0,0,0,0,3.5,3.5
233,Duke Johnson,CLE,RB,1,0,0,0,17,0,1,8,0,0,0,0,0,3.5,3.5
233,Devontae Booker,DEN,RB,1,0,0,0,4,0,2,11,0,0,0,0,0,3.5,3.5
236,Logan Thomas,BUF,TE,1,0,0,0,0,0,1,24,0,0,0,0,0,3.4,3.4
236,Anthony Miller,CHI,WR,1,0,0,0,0,0,2,14,0,0,0,0,0,3.4,3.4
238,Marcus Murphy,BUF,RB,1,0,0,0,31,0,0,0,0,0,0,0,0,3.1,3.1
238,LeSean McCoy,BUF,RB,1,0,0,0,22,0,1,-1,0,0,0,0,0,3.1,3.1
238,Trenton Cannon,NYJ,RB,1,0,0,0,15,0,1,6,0,0,0,0,0,3.1,3.1
238,Jordan Akins,HOU,TE,1,0,0,0,0,0,2,11,0,0,0,0,0,3.1,3.1
242,Travis Benjamin,LAC,WR,1,0,0,0,19,0,1,1,0,0,0,0,0,3,3
242,Allen Hurns,DAL,WR,1,0,0,0,0,0,1,20,0,0,0,0,0,3,3
244,Cordarrelle Patterson,NE,WR,1,0,0,0,13,0,1,6,0,0,0,0,0,2.9,2.9
244,Dion Sims,CHI,TE,1,0,0,0,0,0,2,9,0,0,0,0,0,2.9,2.9
246,Alfred Morris,SF,RB,1,0,0,0,38,0,0,0,0,0,0,0,0,2.8,2.8
246,Zach Pascal,IND,WR,1,0,0,0,0,0,1,18,0,0,0,0,0,2.8,2.8
246,Amari Cooper,OAK,WR,1,0,0,0,9,0,1,9,0,0,0,0,0,2.8,2.8
246,Wayne Gallman,NYG,RB,1,0,0,0,-1,0,2,9,0,0,0,0,0,2.8,2.8
246,Jimmy Graham,GB,TE,1,0,0,0,0,0,2,8,0,0,0,0,0,2.8,2.8
251,Tajae Sharpe,TEN,WR,1,0,0,0,0,0,1,17,0,0,0,0,0,2.7,2.7
251,Jeremy Kerley,BUF,WR,1,0,0,0,0,0,2,7,0,0,0,0,0,2.7,2.7
253,Corey Clement,PHI,RB,1,0,0,0,26,0,0,0,0,0,0,0,0,2.6,2.6
253,Rhett Ellison,NYG,TE,1,0,0,0,0,0,1,16,0,0,0,0,0,2.6,2.6
255,Torrey Smith,CAR,WR,1,0,0,0,0,0,1,15,0,0,0,0,0,2.5,2.5
255,Josh Hill,NO,TE,1,0,0,0,0,0,1,15,0,0,0,0,0,2.5,2.5
255,Chris Conley,KC,WR,1,0,0,0,0,0,1,15,0,0,0,0,0,2.5,2.5
255,Jeff Heuerman,DEN,TE,1,0,0,0,0,0,1,15,0,0,0,0,0,2.5,2.5
255,Trey Burton,CHI,TE,1,0,0,0,0,0,1,15,0,0,0,0,0,2.5,2.5
260,Andre Holmes,BUF,WR,1,0,0,0,0,0,1,14,0,0,0,0,0,2.4,2.4
260,Donte Moncrief,JAX,WR,1,0,0,0,0,0,1,14,0,0,0,0,0,2.4,2.4
260,Ian Thomas,CAR,TE,1,0,0,0,0,0,2,4,0,0,0,0,0,2.4,2.4
263,Erik Swoope,IND,TE,1,0,0,0,0,0,1,13,0,0,0,0,0,2.3,2.3
263,Lance Kendricks,GB,TE,1,0,0,0,0,0,1,13,0,0,0,0,0,2.3,2.3
265,Darren Fells,CLE,TE,1,0,0,0,0,0,1,12,0,0,0,0,0,2.2,2.2
265,Tyler Ervin,HOU,RB,1,0,0,0,0,0,1,12,0,0,0,0,0,2.2,2.2
265,Jonnu Smith,TEN,TE,1,0,0,0,0,0,1,12,0,0,0,0,0,2.2,2.2
268,Nick Chubb,CLE,RB,1,0,0,0,21,0,0,0,0,0,0,0,0,2.1,2.1
268,Chris Hogan,NE,WR,1,0,0,0,0,0,1,11,0,0,0,0,0,2.1,2.1
268,Josh Doctson,WAS,WR,1,0,0,0,0,0,1,11,0,0,0,0,0,2.1,2.1
268,Nick Vannett,SEA,TE,1,0,0,0,0,0,1,11,0,0,0,0,0,2.1,2.1
268,Mike Gesicki,MIA,TE,1,0,0,0,0,0,1,11,0,0,0,0,0,2.1,2.1
268,Seth Roberts,OAK,WR,1,0,0,0,0,0,1,11,0,0,0,0,0,2.1,2.1
274,Deandre Carter,PHI,WR,1,0,0,0,0,0,1,10,0,0,0,0,0,2,2
274,Kelvin Benjamin,BUF,WR,1,0,0,0,0,0,1,10,0,0,0,0,0,2,2
276,Vernon Davis,WAS,TE,1,0,0,0,0,0,1,9,0,0,0,0,0,1.9,1.9
276,Giovani Bernard,CIN,RB,1,0,0,0,-2,0,1,11,0,0,0,0,0,1.9,1.9
276,Tyler Kroft,CIN,TE,1,0,0,0,0,0,1,9,0,0,0,0,0,1.9,1.9
276,David Morgan,MIN,TE,1,0,0,0,0,0,1,9,0,0,0,0,0,1.9,1.9
276,Michael Gallup,DAL,WR,1,0,0,0,0,0,1,9,0,0,0,0,0,1.9,1.9
281,Jaron Brown,SEA,WR,1,0,0,0,0,0,1,7,0,0,0,0,0,1.7,1.7
281,Tre Madden,SEA,RB,1,0,0,0,0,0,1,7,0,0,0,0,0,1.7,1.7
281,Levine Toilolo,DET,TE,1,0,0,0,0,0,1,7,0,0,0,0,0,1.7,1.7
281,Eric Tomlinson,NYJ,TE,1,0,0,0,0,0,1,7,0,0,0,0,0,1.7,1.7
285,Justin Hunter,PIT,WR,1,0,0,0,0,0,1,6,0,0,0,0,0,1.6,1.6
285,Travis Kelce,KC,TE,1,0,0,0,0,0,1,6,0,0,0,0,0,1.6,1.6
285,Terrance Williams,DAL,WR,1,0,0,0,0,0,1,6,0,0,0,0,0,1.6,1.6
285,Tyler Conklin,MIN,TE,1,0,0,0,0,0,1,6,0,0,0,0,0,1.6,1.6
285,Michael Burton,CHI,FB,1,0,0,0,0,0,1,6,0,0,0,0,0,1.6,1.6
285,TJ Jones,DET,WR,1,0,0,0,0,0,1,6,0,0,0,0,0,1.6,1.6
291,Chris Moore,BAL,WR,1,0,0,0,0,0,1,5,0,0,0,0,0,1.5,1.5
291,Hakeem Valles,DET,TE,1,0,0,0,0,0,1,5,0,0,0,0,0,1.5,1.5
293,Dallas Goedert,PHI,TE,1,0,0,0,0,0,1,4,0,0,0,0,0,1.4,1.4
293,CJ Uzomah,CIN,TE,1,0,0,0,0,0,1,4,0,0,0,0,0,1.4,1.4
293,Christian Kirk,ARI,WR,1,0,0,0,0,0,1,4,0,0,0,0,0,1.4,1.4
296,Jacquizz Rodgers,TB,RB,1,0,0,0,1,0,1,2,0,0,0,0,0,1.3,1.3
297,Oakland Raiders,OAK,DST,1,0,0,0,0,0,0,0,0,1,0,1,0,1,1
298,Christine Michael,IND,RB,1,0,0,0,9,0,0,0,0,0,0,0,0,0.9,0.9
299,Jonathan Stewart,NYG,RB,1,0,0,0,8,0,0,0,0,0,0,0,0,0.8,0.8
299,Ryan Switzer,PIT,WR,1,0,0,0,8,0,0,0,0,0,0,0,0,0.8,0.8
